,City,Cloudiness,Country,Date,Humidity,Lat,Lng,Max Temp,Wind Speed
0,Ushuaia,75,AR,10/22/2019,79,-54.81,-68.31,57.2,13.87
1,Naze,75,NG,10/22/2019,94,5.43,7.07,78.8,5.23
2,Marsaxlokk,20,MT,10/22/2019,73,35.84,14.54,71.6,11.41
3,Camocim,29,BR,10/22/2019,54,-2.9,-40.84,86.54,13.87
4,Mataura,68,NZ,10/22/2019,80,-46.19,168.86,43,7
5,Kloulklubed,40,PW,10/22/2019,88,7.04,134.26,77,3.31
6,Srednekolymsk,99,RU,10/22/2019,84,67.46,153.71,5.95,3.62
7,Codrington,0,AU,10/22/2019,93,-28.95,153.24,57.99,2.24
8,Lompoc,1,US,10/22/2019,35,34.64,-120.46,87.01,5.82
9,Avarua,13,CK,10/22/2019,100,-21.21,-159.78,71.6,1.12
10,Waterloo,77,SL,10/22/2019,80,8.34,-13.07,80.4,5.44
11,Nantucket,90,US,10/22/2019,63,41.28,-70.1,64.4,8.05
12,San Juan,39,AR,10/22/2019,22,-31.54,-68.53,73.69,13.44
13,Rawson,100,AR,10/22/2019,80,-43.3,-65.11,48.45,21.61
14,Tolaga Bay,60,NZ,10/22/2019,59,-38.37,178.3,54.7,27.83
15,Atuona,0,PF,10/22/2019,72,-9.8,-139.03,78.85,12.24
16,Busselton,6,AU,10/22/2019,68,-33.64,115.35,55,9.8
17,Guerande,15,FR,10/22/2019,93,48.47,-4.17,53.6,5.82
18,Goranboy,40,AZ,10/22/2019,72,40.61,46.79,59,6.93
19,Kapaa,40,US,10/22/2019,83,22.08,-159.32,78.8,14.99
20,Methoni,0,GR,10/22/2019,49,36.82,21.7,69.8,7.61
21,Alta Floresta,75,BR,10/22/2019,70,-9.87,-56.08,84.2,6.93
22,Punta Arenas,75,CL,10/22/2019,55,-53.16,-70.91,53.6,27.51
23,Rikitea,100,PF,10/22/2019,83,-23.12,-134.97,69.89,20.49
24,Hithadhoo,100,MV,10/22/2019,79,-0.6,73.08,81.7,12.17
25,Ternitz,40,AT,10/22/2019,87,47.71,16.02,60.8,1.12
26,Alto Araguaia,89,BR,10/22/2019,58,-17.32,-53.22,81.43,7.07
27,Tuktoyaktuk,90,CA,10/22/2019,92,69.44,-133.03,19.4,8.05
28,Boshnyakovo,1,RU,10/22/2019,74,49.65,142.17,48.76,10.94
29,Jamestown,1,AU,10/22/2019,30,-33.21,138.6,60.31,7.25
30,Kamenka,35,MD,10/22/2019,93,48.03,28.7,53.01,4.18
31,Kibre Mengist,8,ET,10/22/2019,93,5.87,38.99,57.83,1.41
32,Torbay,90,CA,10/22/2019,81,47.66,-52.73,45,16.11
33,Talnakh,100,RU,10/22/2019,78,69.49,88.39,15.8,24.61
34,Tasiilaq,20,GL,10/22/2019,68,65.61,-37.64,26.6,1.12
35,Akureyri,75,IS,10/22/2019,86,65.68,-18.09,30.2,9.17
36,Prainha,97,BR,10/22/2019,43,-1.8,-53.48,93.65,2.64
37,Saldanha,41,PT,10/22/2019,58,41.42,-6.55,51.53,5.91
38,East London,20,ZA,10/22/2019,72,-33.02,27.91,59,13.87
39,Vaini,98,IN,10/22/2019,98,15.34,74.49,68.49,3.15
40,Faanui,1,PF,10/22/2019,72,-16.48,-151.75,79.66,5.08
41,Warwick,90,US,10/22/2019,77,41.7,-71.42,61,10.29
42,Sorong,99,ID,10/22/2019,98,-0.86,131.25,72.32,1.39
43,Touros,40,BR,10/22/2019,55,-5.2,-35.46,86,16.11
44,Pacific Grove,1,US,10/22/2019,45,36.62,-121.92,73.99,12.75
45,Barra do Garcas,75,BR,10/22/2019,43,-15.89,-52.26,91.4,13.87
46,Dikson,100,RU,10/22/2019,87,73.51,80.55,17.92,24.23
47,Palmer,0,AU,10/22/2019,58,-34.85,139.16,70,7.54
48,Airai,40,TL,10/22/2019,42,-8.93,125.41,64.31,5.12
49,Aklavik,90,CA,10/22/2019,92,68.22,-135.01,19.4,3.36
50,Albany,90,US,10/22/2019,62,42.65,-73.75,60.01,8.05
51,Warrington,40,GB,10/22/2019,81,53.39,-2.59,54,6.93
52,Muzhi,68,RU,10/22/2019,77,65.4,64.7,24.04,17.78
53,Bredasdorp,53,ZA,10/22/2019,62,-34.53,20.04,61,9.17
54,Constitucion,20,MX,10/22/2019,56,23.99,-104.67,72,2.24
55,Nouadhibou,0,MR,10/22/2019,53,20.93,-17.03,73.4,19.46
56,Kulunda,69,RU,10/22/2019,74,52.57,78.94,27.7,12.62
57,Kavieng,94,PG,10/22/2019,83,-2.57,150.8,81.01,16.8
58,Ola,75,RU,10/22/2019,71,59.58,151.3,27.95,17.05
59,Longyearbyen,75,NO,10/22/2019,72,78.22,15.63,12.2,9.17
60,Oranjemund,0,ZA,10/22/2019,83,-28.55,16.43,57.31,9.04
61,Hambantota,100,LK,10/22/2019,83,6.12,81.12,80.11,15.59
62,Kiruna,99,SE,10/22/2019,84,67.86,20.23,37.4,9.17
63,San Quintin,37,PH,10/22/2019,92,17.54,120.52,71.96,3.38
64,San Cristobal,99,HN,10/22/2019,61,14.68,-86.92,79.05,3.98
65,Kahului,1,US,10/22/2019,73,20.89,-156.47,78.8,10.29
66,Hilo,90,US,10/22/2019,78,19.71,-155.08,77,5.14
67,Port Elizabeth,90,US,10/22/2019,93,39.31,-74.98,66.99,8.05
68,College,75,US,10/22/2019,74,64.86,-147.8,28.4,2.24
69,Omboue,100,GA,10/22/2019,88,-1.57,9.26,76.62,3.2
70,Saskylakh,3,RU,10/22/2019,91,71.97,114.09,7.57,9.28
71,Qaanaaq,71,GL,10/22/2019,43,77.48,-69.36,9.32,9.53
72,Pevek,100,RU,10/22/2019,87,69.7,170.27,20.61,3.15
73,Luderitz,0,NA,10/22/2019,72,-26.65,15.16,60.8,19.46
74,Columbus,1,US,10/22/2019,41,32.46,-84.99,75.2,14.99
75,Pisco,90,PE,10/22/2019,30,-13.71,-76.2,71.6,6.93
76,Tautira,0,PF,10/22/2019,74,-17.73,-149.15,80.01,4
77,Jishu,0,CN,10/22/2019,78,44.29,126.79,46.65,3.67
78,Dawei,0,MM,10/22/2019,77,14.07,98.19,82.49,6.08
79,Puerto Escondido,20,MX,10/22/2019,74,15.86,-97.07,82.4,5.82
80,Hobart,98,AU,10/22/2019,66,-42.88,147.33,55.4,9.17
81,Chuy,0,UY,10/22/2019,61,-33.69,-53.46,67.87,9.19
82,Troitsko-Pechorsk,62,RU,10/22/2019,86,62.71,56.19,25.2,4.59
83,Barrow,100,AR,10/22/2019,73,-38.31,-60.23,51.8,18.59
84,Fortuna,20,US,10/22/2019,93,40.6,-124.16,61,4.7
85,Turayf,75,SA,10/22/2019,82,31.68,38.65,64.4,17.22
86,Hosdurga,100,IN,10/22/2019,89,13.8,76.29,70.99,10.04
87,Billings,90,US,10/22/2019,56,45.79,-108.5,44.6,16.11
88,Waipawa,80,NZ,10/22/2019,92,-39.94,176.59,43,4
89,New Norfolk,98,AU,10/22/2019,66,-42.78,147.06,55.4,9.17
90,Lebu,38,ET,10/22/2019,75,8.96,38.73,52.02,5.21
91,Bluff,0,AU,10/22/2019,80,-23.58,149.07,62.47,10.83
92,Tobol,75,SE,10/22/2019,76,59.83,12.54,50,14.99
93,Ribeira Grande,75,PT,10/22/2019,73,38.52,-28.7,69.8,11.41
94,Toktogul,1,KG,10/22/2019,60,41.87,72.95,35.71,2.66
95,Kaka,1,TM,10/22/2019,39,37.35,59.62,57.61,4.05
96,Khatanga,78,RU,10/22/2019,92,71.98,102.47,9.46,9.24
97,Saint-Philippe,75,CA,10/22/2019,55,45.36,-73.48,64.4,13.87
98,Yellowknife,75,CA,10/22/2019,90,62.45,-114.38,32,4.7
99,Hermanus,45,ZA,10/22/2019,69,-34.42,19.24,62.01,4
100,Paamiut,2,GL,10/22/2019,72,61.99,-49.67,37.49,3.4
101,Alofi,12,NU,10/22/2019,100,-19.06,-169.92,71.6,4.7
102,Cap Malheureux,40,MU,10/22/2019,83,-19.98,57.61,75.2,2.24
103,Surt,0,LY,10/22/2019,66,31.21,16.59,70.74,10.98
104,Lodwar,42,KE,10/22/2019,41,3.12,35.6,87.35,17.09
105,Victoria,75,BN,10/22/2019,94,5.28,115.24,80.6,3.36
106,Arman,98,RU,10/22/2019,63,59.7,150.17,33.4,17.52
107,Verkhnyaya Inta,99,RU,10/22/2019,94,65.99,60.32,19.81,14.32
108,Leninskoye,94,RU,10/22/2019,63,54.82,82.85,30.2,11.18
109,Hirara,0,JP,10/22/2019,71,24.8,125.28,77.32,3.2
110,Kieta,88,PG,10/22/2019,74,-6.22,155.63,80.76,7.61
111,Santa Quiteria,40,ES,10/22/2019,87,37.67,-1.69,57,1.12
112,Wadi Maliz,40,TN,10/22/2019,42,36.47,8.55,84.2,8.05
113,Mahebourg,40,MU,10/22/2019,83,-20.41,57.7,75.2,2.24
114,Cape Town,20,ZA,10/22/2019,72,-33.93,18.42,63,18.34
115,Luwuk,19,ID,10/22/2019,75,-0.95,122.79,80.22,14.56
116,Sciacca,100,IT,10/22/2019,88,37.51,13.08,71.6,9.17
117,Hudiksvall,65,SE,10/22/2019,83,61.73,17.1,46,5.99
118,Mitu,61,IR,10/22/2019,86,36.2,46.09,49.01,6.73
119,Ko Samui,85,TH,10/22/2019,70,9.54,99.94,84.42,6.62
120,Tuatapere,75,NZ,10/22/2019,80,-46.13,167.69,43,7
121,Amapa,75,HN,10/22/2019,62,15.09,-87.97,89.01,3.38
122,Margate,98,AU,10/22/2019,66,-43.03,147.26,55.4,9.17
123,Puerto Ayora,75,EC,10/22/2019,61,-0.74,-90.35,78.8,14.99
124,Vila Velha,20,BR,10/22/2019,55,-3.71,-38.6,87.8,13.87
125,Armilla,75,ES,10/22/2019,76,37.14,-3.63,63,12.75
126,Road Town,40,VG,10/22/2019,78,18.42,-64.62,84,3.36
127,Carnarvon,68,ZA,10/22/2019,15,-30.97,22.13,67.17,22.12
128,Praia da Vitoria,20,PT,10/22/2019,68,38.73,-27.07,71.6,12.77
129,Craig,90,US,10/22/2019,69,40.52,-107.55,39.2,2.19
130,Kongolo,68,CD,10/22/2019,93,-5.39,27,71.37,0.65
131,Sturgis,0,CA,10/22/2019,54,51.94,-102.54,36.61,8.93
132,Norman Wells,90,CA,10/22/2019,100,65.28,-126.83,23,1.7
133,Broome,75,GB,10/22/2019,81,52.47,1.45,52,2.24
134,Nanortalik,100,GL,10/22/2019,99,60.14,-45.24,32.77,6.04
135,Tateyama,53,JP,10/22/2019,85,36.66,137.31,63,1.03
136,Mogadishu,33,SO,10/22/2019,83,2.04,45.34,81.46,14.38
137,Nara,58,JP,10/22/2019,77,34.68,135.8,66.2,10.29
138,Severo-Kurilsk,89,RU,10/22/2019,97,50.68,156.12,39.72,8.46
139,Nikolskoye,90,RU,10/22/2019,87,59.7,30.79,52,11.18
140,Ostrovnoy,100,RU,10/22/2019,94,68.05,39.51,29.52,11.16
141,Saint Lawrence,20,MT,10/22/2019,73,36.06,14.2,71.6,11.41
142,Saint George,0,GR,10/22/2019,67,39.45,22.34,66.2,5.82
143,Beringovskiy,46,RU,10/22/2019,88,63.05,179.32,25.02,26.26
144,Provideniya,97,RU,10/22/2019,95,64.42,-173.23,24.08,8.68
145,Alyangula,8,AU,10/22/2019,94,-13.85,136.42,68,6.22
146,Faya,3,SA,10/22/2019,82,18.39,42.45,66.2,8.05
147,Maniwaki,100,CA,10/22/2019,92,46.38,-75.98,49.46,13.09
148,Camacha,40,PT,10/22/2019,60,33.08,-16.33,69.8,13.87
149,Tiznit,44,MA,10/22/2019,80,29.7,-9.73,53.78,20.56
150,Muscat,0,OM,10/22/2019,78,23.6,58.55,82.4,2.24
151,Sao Sebastiao,20,BR,10/22/2019,66,-3.15,-58.36,89.6,5.82
152,Bilma,0,NE,10/22/2019,13,18.69,12.92,87.46,12.28
153,Arraial do Cabo,75,BR,10/22/2019,69,-22.97,-42.02,77,5.82
154,Biak,19,ID,10/22/2019,75,-0.91,122.88,80.22,14.56
155,Kununurra,35,AU,10/22/2019,64,-15.77,128.74,73.4,9.17
156,Bathsheba,40,BB,10/22/2019,58,13.22,-59.52,87.8,13.87
157,Ust-Maya,34,RU,10/22/2019,95,60.42,134.54,15.12,3.31
158,Arshan,11,YE,10/22/2019,52,14.32,46.95,70.23,7.31
159,Upernavik,100,GL,10/22/2019,51,72.79,-56.15,17.82,7.14
160,Castro,75,CL,10/22/2019,62,-42.48,-73.76,53.6,14.99
161,Bambous Virieux,40,MU,10/22/2019,83,-20.34,57.76,75.2,2.24
162,Fairbanks,75,US,10/22/2019,74,64.84,-147.72,28.4,2.24
163,Thompson,75,CA,10/22/2019,64,55.74,-97.86,33.8,12.75
164,Adelaide,0,AU,10/22/2019,58,-34.93,138.6,70,7.43
165,Butaritari,88,KI,10/22/2019,76,3.07,172.79,83.7,14.92
166,Nabire,100,ID,10/22/2019,95,-3.36,135.5,72.27,1.48
167,Mehamn,75,NO,10/22/2019,80,71.03,27.85,33.8,11.41
168,Cidreira,42,BR,10/22/2019,76,-30.17,-50.22,64.81,15.86
169,Zrenjanin,15,RS,10/22/2019,67,45.38,20.39,71.6,3.36
170,Dailly,20,BE,10/22/2019,87,50.06,4.44,54,3.36
171,Matay,39,EG,10/22/2019,57,28.42,30.79,73.85,18.19
172,Taoudenni,7,ML,10/22/2019,16,22.68,-3.98,96.17,16.98
173,Kita,20,JP,10/22/2019,82,35.76,139.74,61,5.82
174,Launceston,24,AU,10/22/2019,93,-41.43,147.14,42.8,4.7
175,Dicabisagan,44,PH,10/22/2019,86,17.08,122.42,75.61,4.27
176,Bontang,0,ID,10/22/2019,77,0.12,117.47,80.06,3.78
177,Salalah,7,OM,10/22/2019,45,17.01,54.1,86,3.36
178,Semirom,36,IR,10/22/2019,83,31.41,51.57,39.6,2.13
179,Ixtapa,75,MX,10/22/2019,74,20.71,-105.21,82.99,4.32
180,Lorengau,95,PG,10/22/2019,73,-2.02,147.27,83.86,7.63
181,Betare Oya,91,CM,10/22/2019,89,5.6,14.08,71.15,2.66
182,Upata,0,VE,10/22/2019,52,8.02,-62.41,91,1.01
183,Chara,0,GR,10/22/2019,67,39.42,22.43,66.2,5.82
184,Cherdyn,98,RU,10/22/2019,86,60.4,56.48,27.05,5.68
185,Samarai,90,PG,10/22/2019,92,-10.62,150.67,74.12,5.84
186,Chokurdakh,88,RU,10/22/2019,93,70.62,147.9,5.77,7.96
187,Hasaki,75,JP,10/22/2019,87,35.73,140.83,59,11.41
188,Moth,99,IN,10/22/2019,30,25.73,78.95,78.35,5.03
189,Vostok,0,RU,10/22/2019,51,46.45,135.83,34.7,3.53
190,Mora,6,PT,10/22/2019,62,38.94,-8.17,64.99,3.74
191,Ponta do Sol,61,BR,10/22/2019,48,-20.63,-46,82.4,10.18
192,Nyaunglebin,2,MM,10/22/2019,89,17.95,96.73,74.61,0.47
193,Mazyr,81,BY,10/22/2019,81,52.05,29.27,56.46,3.42
194,Esperance,1,AU,10/22/2019,93,-33.86,121.89,53.6,9.17
195,Georgetown,75,GY,10/22/2019,74,6.8,-58.16,86,6.93
196,Genhe,58,CN,10/22/2019,84,50.78,121.52,20.14,0.2
197,Sitka,0,US,10/22/2019,30,37.17,-99.65,62.01,10
198,Grand Gaube,40,MU,10/22/2019,83,-20.01,57.66,75.2,2.24
199,Tezu,71,IN,10/22/2019,71,27.93,96.16,65.62,3.98
200,Helena,75,US,10/22/2019,57,46.59,-112.04,51.8,20.8
201,Businga,54,CD,10/22/2019,95,3.34,20.89,72.61,2.33
202,Anadyr,75,RU,10/22/2019,85,64.73,177.51,14,4.47
203,Samana,40,EC,10/22/2019,66,0.12,-76.97,87.8,4.7
204,Seoul,1,KR,10/22/2019,93,37.57,126.98,59,3.36
205,Valpacos,32,PT,10/22/2019,64,41.61,-7.31,49.06,5.23
206,Predivinsk,98,RU,10/22/2019,70,57.07,93.44,24.66,6.42
207,Obidos,20,PT,10/22/2019,67,39.36,-9.16,64.4,13.87
208,Nome,1,US,10/22/2019,26,30.04,-94.42,78.8,8.05
209,Riyadh,0,SA,10/22/2019,24,24.63,46.72,82.4,2.24
210,Karratha,22,AU,10/22/2019,58,-20.74,116.85,81.61,13.65
211,Port Alfred,91,ZA,10/22/2019,73,-33.59,26.89,62.01,8.99
212,Kaitangata,70,NZ,10/22/2019,67,-46.28,169.85,45.68,26.35
213,Evensk,0,RU,10/22/2019,60,61.92,159.24,11.26,9.53
214,Moundsville,90,US,10/22/2019,93,39.92,-80.74,57.99,9.17
215,Dniprorudne,100,UA,10/22/2019,100,47.39,35,48.2,6.71
216,Cassilandia,98,BR,10/22/2019,57,-19.11,-51.73,82.85,7.02
217,Tartagal,0,AR,10/22/2019,42,-22.52,-63.8,84.2,8.03
218,Lavrentiya,100,RU,10/22/2019,81,65.58,-170.99,31.08,14.61
219,Kovdor,99,RU,10/22/2019,98,67.56,30.47,33.66,8.79
220,Never,70,RU,10/22/2019,87,53.98,124.16,24.71,2.37
221,Verkhnevilyuysk,89,RU,10/22/2019,86,63.45,120.31,19.35,4.88
222,Shaygino,98,RU,10/22/2019,85,57.77,46.86,35.33,5.19
223,Dubbo,0,AU,10/22/2019,64,-32.25,148.6,62.6,10.29
224,Qaqortoq,75,GL,10/22/2019,64,60.72,-46.03,37.4,16.49
225,Ukiah,1,US,10/22/2019,51,39.15,-123.21,73.99,3.11
226,Kodiak,1,US,10/22/2019,34,39.95,-94.76,55,20.8
227,Tortoli,40,IT,10/22/2019,88,39.93,9.66,69.8,4.7
228,Karakol,48,KG,10/22/2019,46,42.49,78.39,34.36,7.45
229,Portland,90,US,10/22/2019,76,43.66,-70.25,59,12.75
230,Berlevag,75,NO,10/22/2019,80,70.86,29.09,33.8,19.46
231,Villapinzon,59,CO,10/22/2019,79,5.22,-73.59,66.13,4.21
232,Champerico,40,MX,10/22/2019,58,16.38,-93.6,86,4.7
233,Tiksi,46,RU,10/22/2019,89,71.64,128.87,0.79,8.32
234,Kalakamati,92,BW,10/22/2019,42,-20.59,27.31,84.2,16.11
235,Meulaboh,100,ID,10/22/2019,80,4.14,96.13,80.42,4.41
236,Banda Aceh,100,ID,10/22/2019,92,5.56,95.32,74.12,2.39
237,Port Lincoln,0,AU,10/22/2019,56,-34.72,135.86,61.02,8.21
238,Clyde River,40,CA,10/22/2019,85,70.47,-68.59,24.8,4.05
239,Omsukchan,31,RU,10/22/2019,100,62.53,155.8,-4.56,1.5
240,Praia,40,BR,10/22/2019,40,-20.25,-43.81,86,10.29
241,Rio Grande,40,BR,10/22/2019,56,-32.03,-52.1,71.6,5.82
242,Witu,0,KE,10/22/2019,86,-2.39,40.44,79.9,9.13
243,Gavrilov-Yam,90,RU,10/22/2019,75,57.3,39.85,46.4,8.95
244,Geraldton,90,CA,10/22/2019,93,49.72,-86.95,46.4,9.17
245,Khandyga,0,RU,10/22/2019,89,62.65,135.58,7.68,0.92
246,Jalu,6,LY,10/22/2019,43,29.03,21.55,74.25,7.25
247,Honiara,75,SB,10/22/2019,94,-9.43,159.96,75.2,6.93
248,Coihaique,21,CL,10/22/2019,41,-45.58,-72.07,57.2,8.05
249,Puerto Baquerizo Moreno,75,EC,10/22/2019,78,-0.9,-89.6,75.2,14.99
250,Shingu,0,JP,10/22/2019,79,33.72,135.99,67.03,9.86
251,Souillac,100,FR,10/22/2019,82,45.6,-0.6,57.2,12.75
252,Hamilton,75,CA,10/22/2019,87,43.26,-79.87,61,12.75
253,Poum,0,MK,10/22/2019,67,41.28,20.71,59,3.36
254,Svetlaya,0,RU,10/22/2019,54,46.54,138.33,50.59,4.61
255,Kalianget,72,ID,10/22/2019,91,-7.35,109.91,68.31,1.28
256,Haines Junction,99,CA,10/22/2019,94,60.75,-137.51,19.76,4.16
257,Ballina,75,IE,10/22/2019,87,54.11,-9.15,54,11.41
258,Manzini,100,SZ,10/22/2019,28,-26.5,31.37,64.4,5.57
259,Mar del Plata,0,AR,10/22/2019,39,-46.43,-67.52,54.88,11.99
260,Kavaratti,100,IN,10/22/2019,82,10.57,72.64,80.47,8.01
261,Umm Lajj,100,SA,10/22/2019,59,25.02,37.27,77.67,3.27
262,Barberton,100,SZ,10/22/2019,93,-25.78,31.05,64,3.36
263,Birobidzhan,15,RU,10/22/2019,55,48.79,132.93,33.53,3.15
264,Broken Hill,85,AU,10/22/2019,19,-31.97,141.45,69.8,8.05
265,Keita,40,NG,10/22/2019,66,7.1,3.65,87.8,5.82
266,Ambovombe,68,MG,10/22/2019,75,-25.18,46.09,71.87,10.67
267,Alto Longa,69,BR,10/22/2019,40,-5.25,-42.21,93.61,5.19
268,North Platte,90,US,10/22/2019,40,41.12,-100.77,54,18.34
269,Richards Bay,100,ZA,10/22/2019,79,-28.77,32.06,65.68,23.76
270,Laguna,75,BZ,10/22/2019,66,16.17,-88.94,87.8,3.56
271,Bandarbeyla,90,SO,10/22/2019,80,9.49,50.81,80.76,16.75
272,Nenjiang,12,CN,10/22/2019,58,49.17,125.23,31.39,3.65
273,Havoysund,90,NO,10/22/2019,94,71,24.66,32,21.92
274,Dingle,44,PH,10/22/2019,88,11,122.67,74.17,4.99
275,Coquimbo,100,CL,10/22/2019,67,-29.95,-71.34,78.01,12.75
276,Chunskiy,100,RU,10/22/2019,62,56.08,99.63,23.88,4.68
277,Eureka,75,US,10/22/2019,87,40.8,-124.16,59,4.7
278,Waingapu,58,ID,10/22/2019,82,-9.65,120.26,79.66,8.52
279,Mufumbwe,71,ZM,10/22/2019,34,-13.68,24.8,77.09,5.14
280,Alfredo Chaves,90,BR,10/22/2019,88,-20.64,-40.75,75.99,11.41
281,Elizabeth City,40,US,10/22/2019,73,36.3,-76.22,73.99,9.17
282,Corinth,20,GR,10/22/2019,53,37.94,22.93,72,10.29
283,Hobyo,12,SO,10/22/2019,74,5.35,48.53,80.67,7.02
284,Ormara,0,PK,10/22/2019,73,25.21,64.64,83.46,12.03
285,Teya,75,MX,10/22/2019,59,21.05,-89.07,93,12.75
286,Valparaiso,90,US,10/22/2019,62,41.47,-87.06,51.8,27.51
287,Harper,1,US,10/22/2019,28,30.3,-99.24,77,5.82
288,Hofn,100,IS,10/22/2019,75,64.25,-15.21,37.45,34.02
289,Lasa,20,CY,10/22/2019,68,34.92,32.53,69.8,5.82
290,Port Blair,54,IN,10/22/2019,77,11.67,92.75,83.16,7.27
291,Port-Gentil,75,GA,10/22/2019,78,-0.72,8.78,82.4,11.41
292,Port Moresby,100,PG,10/22/2019,87,-9.47,147.16,77.11,16.15
293,Patur,72,IN,10/22/2019,89,20.46,76.94,71.44,1.48
294,Guerrero Negro,0,MX,10/22/2019,13,27.97,-114.04,85.8,4.45
295,Vila,89,IT,10/22/2019,88,45.18,8.4,66.2,3.36
296,Charters Towers,0,AU,10/22/2019,91,-20.07,146.27,59,5.68
297,Padang,90,ID,10/22/2019,93,-0.92,100.36,66.72,2.95
298,Voznesenskoye,100,RU,10/22/2019,81,54.89,42.76,47.8,5.75
299,Areosa,20,PT,10/22/2019,72,41.72,-8.86,64.99,8.05
300,Cabo San Lucas,5,MX,10/22/2019,74,22.89,-109.91,84.99,4.7
301,Abaza,96,RU,10/22/2019,82,52.65,90.1,19.56,4.07
302,Carballo,20,ES,10/22/2019,72,43.21,-8.69,61,8.05
303,Zemio,34,CF,10/22/2019,93,5.02,25.13,70.02,1.57
304,Calvinia,99,ZA,10/22/2019,43,-31.47,19.78,56.07,11.7
305,Leningradskiy,78,RU,10/22/2019,87,69.38,178.42,22.8,16.02
306,Los Llanos de Aridane,75,ES,10/22/2019,56,28.66,-17.92,71.6,10.29
307,Tselinnoye,68,UA,10/22/2019,66,45.9,34.18,58.95,3.58
308,Araucaria,77,BR,10/22/2019,46,-25.59,-49.41,75.99,4.7
309,Katsuura,20,JP,10/22/2019,87,33.93,134.5,60.8,8.05
310,Maues,70,BR,10/22/2019,38,-3.38,-57.72,96.44,0.89
311,Cap-aux-Meules,20,CA,10/22/2019,61,47.38,-61.86,48.2,11.41
312,Naryan-Mar,97,RU,10/22/2019,92,67.67,53.09,24.01,13.53
313,Lakes Entrance,0,AU,10/22/2019,93,-37.88,147.99,37.99,3.04
314,Maniitsoq,87,GL,10/22/2019,42,65.42,-52.9,34.65,7.56
315,Nago,92,IT,10/22/2019,88,45.88,10.89,69.01,4.7
316,Sao Filipe,0,CV,10/22/2019,76,14.9,-24.5,75.94,24.29
317,Anchorage,90,US,10/22/2019,86,61.22,-149.89,36,4.7
318,Caravelas,100,BR,10/22/2019,54,-17.73,-39.27,88.57,10.65
319,Sitrah,8,BH,10/22/2019,66,26.15,50.62,89.6,8.05
320,Chiredzi,28,ZW,10/22/2019,67,-21.05,31.67,74.21,8.23
321,Jaguaribe,10,BR,10/22/2019,20,-5.88,-38.62,97.7,7.81
322,Necochea,83,AR,10/22/2019,81,-38.55,-58.74,55,5.01
323,Cairns,75,AU,10/22/2019,83,-16.92,145.77,71.6,11.41
324,Hokitika,77,NZ,10/22/2019,63,-42.72,170.96,45.93,10.25
325,Rogovatoye,100,RU,10/22/2019,86,51.23,38.38,53.24,4.43
326,Walvis Bay,0,NA,10/22/2019,72,-22.95,14.51,62.6,14.99
327,Sinnamary,8,GF,10/22/2019,77,5.38,-52.96,82.17,12.24
328,San Patricio,0,PY,10/22/2019,41,-26.98,-56.83,76.82,7.07
329,Bethel,40,US,10/22/2019,84,60.79,-161.76,33.8,8.05
330,Rongcheng,100,CN,10/22/2019,85,37.16,122.42,61.47,4.76
331,Govindgarh,24,IN,10/22/2019,27,27.5,77,77.77,3.87
332,Sur,0,OM,10/22/2019,51,22.57,59.53,78.15,2.33
333,Guiratinga,84,BR,10/22/2019,50,-16.35,-53.76,87.04,8.01
334,Half Moon Bay,1,US,10/22/2019,68,37.46,-122.43,78.01,3.36
335,Vardo,90,US,10/22/2019,87,39.62,-77.74,60.01,10.29
336,Dmitrovsk-Orlovskiy,74,RU,10/22/2019,92,52.51,35.15,52.74,4.63
337,Kawalu,74,ID,10/22/2019,89,-7.38,108.21,67.26,2.57
338,Mwinilunga,77,ZM,10/22/2019,87,-11.73,24.43,64.96,9.69
339,Eyl,18,SO,10/22/2019,79,7.98,49.82,80.92,8.79
340,Lagoa,20,PT,10/22/2019,72,37.14,-8.45,62.6,9.17
341,Lahaina,20,US,10/22/2019,54,20.87,-156.68,78.8,9.17
342,Estelle,100,FR,10/22/2019,93,43.97,3.47,62.6,8.05
343,Cairo,75,EG,10/22/2019,73,30.05,31.24,73.4,2.24
344,Salvador,40,BR,10/22/2019,83,-12.98,-38.48,82.4,11.41
345,Nizhniy Odes,86,RU,10/22/2019,81,63.64,54.86,27.3,4.81
346,Solnechnyy,0,RU,10/22/2019,59,50.72,136.64,31.48,3.36
347,Butka,73,RU,10/22/2019,88,56.72,63.78,33.28,10.02
348,Angoram,95,PG,10/22/2019,99,-4.06,144.07,73.67,1.81
349,Goure,0,NE,10/22/2019,14,13.98,10.27,95,5.99
350,Zhigansk,70,RU,10/22/2019,92,66.77,123.37,9.99,3.44
351,Traverse City,75,US,10/22/2019,81,44.76,-85.62,51.8,14.99
352,Lewiston,1,US,10/22/2019,58,44.1,-70.21,59,10.29
353,Pa Sang,20,TH,10/22/2019,83,18.53,98.94,78.8,1.05
354,Klaksvik,100,FO,10/22/2019,86,62.23,-6.59,39.2,11.41
355,Ancud,75,CL,10/22/2019,62,-41.87,-73.83,53.6,14.99
356,Sisimiut,100,GL,10/22/2019,58,66.94,-53.67,23.94,5.3
357,Monrovia,75,LR,10/22/2019,74,6.33,-10.8,86,10.76
358,Cam Ranh,20,VN,10/22/2019,94,11.92,109.15,78.8,3.36
359,Jinsha,1,CN,10/22/2019,82,24.49,118.41,68,8.95
360,Khor,0,RU,10/22/2019,73,47.88,134.96,37.94,3.91
361,Rome,100,IT,10/22/2019,64,41.89,12.48,73.4,4.7
362,Dodoma,20,TZ,10/22/2019,39,-6.18,35.75,82.4,20.8
363,Pangnirtung,75,CA,10/22/2019,79,66.15,-65.72,28.4,1.99
364,Staunton,90,US,10/22/2019,100,38.15,-79.07,61,10.29
365,Riverton,1,US,10/22/2019,42,43.02,-108.38,55,9.17
366,Tommot,100,RU,10/22/2019,87,58.97,126.27,26.02,4.74
367,Shieli,92,KZ,10/22/2019,42,44.18,66.74,43.12,4.68
368,Gladstone,17,AU,10/22/2019,68,-23.84,151.26,66.2,5.82
369,Veraval,20,FR,10/22/2019,100,49.65,0.71,52,1.12
370,Sao Joao da Barra,90,BR,10/22/2019,73,-21.64,-41.05,75.2,6.93
371,Talaya,40,RU,10/22/2019,86,55.79,84.89,28,13.42
372,Sungaipenuh,99,ID,10/22/2019,79,-2.08,101.38,62.71,3.31
373,Carmo do Paranaiba,81,BR,10/22/2019,64,-19,-46.32,80.01,1.99
374,Kaseda,56,JP,10/22/2019,91,31.42,130.32,67.8,3.8
375,Pogoanele,5,RO,10/22/2019,93,44.91,26.99,53.6,2.24
376,Borogontsy,100,RU,10/22/2019,88,62.67,131.17,19.4,7.02
377,Ponnani,75,IN,10/22/2019,83,10.77,75.93,80.6,3.36
378,Henties Bay,28,NA,10/22/2019,84,-22.12,14.28,61,7
379,Carutapera,54,BR,10/22/2019,75,-1.2,-46.02,81.27,12.91
380,Thohoyandou,93,ZA,10/22/2019,71,-22.97,30.46,67.71,8.48
381,Trincomalee,100,LK,10/22/2019,92,8.58,81.23,73.56,6.02
382,Goderich,42,CA,10/22/2019,68,43.74,-81.71,61,26.08
383,Batticaloa,100,LK,10/22/2019,92,7.71,81.69,75.27,2.08
384,Deputatskiy,100,RU,10/22/2019,79,69.3,139.9,10.96,1.88
385,Ternate,20,PH,10/22/2019,69,14.29,120.72,82.4,4.7
386,Mongo,87,CD,10/22/2019,93,-5.62,14.6,70.75,3.11
387,Aykhal,33,RU,10/22/2019,92,65.95,111.51,5,2.24
388,Namatanai,97,PG,10/22/2019,72,-3.66,152.44,82.44,6.91
389,Port Hardy,40,CA,10/22/2019,81,50.7,-127.42,50,1.59
390,Magdalena,20,PH,10/22/2019,69,14.2,121.43,82.4,4.7
391,Benguela,40,AO,10/22/2019,94,-12.58,13.4,77,13.87
392,Ojinaga,1,US,10/22/2019,19,29.56,-104.41,69.8,3.02
393,Plettenberg Bay,55,ZA,10/22/2019,72,-34.05,23.37,59.04,10.18
394,Santa Rosa,0,AR,10/22/2019,18,-36.62,-64.29,72.34,15.77
395,Kargasok,94,RU,10/22/2019,81,59.06,80.87,30.34,15.1
396,Warangal,99,IN,10/22/2019,90,17.99,79.6,73.24,2.3
397,Sergeyevka,100,KZ,10/22/2019,84,53.88,67.42,34.88,16.55
398,Darnah,0,LY,10/22/2019,73,32.77,22.64,72.9,14.5
399,Bilibino,48,RU,10/22/2019,100,68.06,166.44,-7.93,0.96
400,Flinders,75,AU,10/22/2019,93,-34.58,150.85,62.01,6.6
401,Vilyuysk,78,RU,10/22/2019,86,63.75,121.63,19.27,6.85
402,Viedma,97,AR,10/22/2019,68,-40.81,-62.99,55.56,19.24
403,Tieli,2,CN,10/22/2019,42,46.98,128.05,38.75,4.68
404,Yulara,0,AU,10/22/2019,20,-25.24,130.99,64.4,4.7
405,Tonantins,80,BR,10/22/2019,42,-2.86,-67.77,96.49,2.77
406,Moen,87,BE,10/22/2019,87,50.77,3.4,57,2.24
407,Maryville,20,US,10/22/2019,48,35.76,-83.97,70,13.87
408,Llandrindod Wells,90,GB,10/22/2019,87,52.24,-3.38,50,1.99
409,Yerbogachen,70,RU,10/22/2019,84,61.28,108.01,19.02,4.88
410,Gbadolite,26,CD,10/22/2019,94,4.28,21,72.3,0.98
411,Jhawarian,11,PK,10/22/2019,34,32.36,72.63,75.15,4.61
412,Abalak,35,NE,10/22/2019,12,15.46,6.28,95.18,10.36
413,Togur,98,RU,10/22/2019,75,58.36,82.83,28.11,10.54
414,Kruisfontein,52,ZA,10/22/2019,72,-34,24.73,53.31,19.89
415,Havre-Saint-Pierre,1,CA,10/22/2019,66,50.23,-63.6,42.8,6.93
416,Bayan,80,CN,10/22/2019,73,36.1,102.26,38.26,0.67
417,Simpang,100,ID,10/22/2019,97,4.36,96.17,73.24,2.01
418,Haysville,1,US,10/22/2019,35,37.56,-97.35,62.01,10.29
419,Vila Franca do Campo,20,PT,10/22/2019,60,37.72,-25.43,69.8,6.93
420,Yokadouma,54,CM,10/22/2019,95,3.52,15.05,71.71,2.8
421,Los Andes,55,CL,10/22/2019,15,-32.83,-70.6,82.99,6.93
422,Agirish,72,RU,10/22/2019,78,61.92,63.02,27.19,12.59
423,Pavlodar,95,KZ,10/22/2019,86,52.28,76.96,26.6,6.71
424,Hualmay,6,PE,10/22/2019,56,-11.1,-77.61,70.32,10.6
425,Siljan,97,NO,10/22/2019,81,59.29,9.71,51.8,17.22
426,Mackay,75,CA,10/22/2019,45,53.65,-115.58,32,4.7
427,Delta del Tigre,17,UY,10/22/2019,55,-34.76,-56.41,66.2,14.99
428,Mizan Teferi,13,ET,10/22/2019,98,6.99,35.58,62.35,3.15
429,Cayenne,20,GF,10/22/2019,55,4.94,-52.33,89.6,8.05
430,Badvel,100,IN,10/22/2019,88,14.74,79.07,74.17,1.03
431,Murgab,40,TM,10/22/2019,47,37.5,61.97,59,4.7
432,Vakhtan,98,RU,10/22/2019,88,57.97,46.69,34.84,5.66
433,Sovetskiy,88,RU,10/22/2019,89,56.76,48.47,34.56,5.17
434,Copiapo,75,CL,10/22/2019,63,-27.37,-70.33,62.6,17.22
435,Uruzgan,4,AF,10/22/2019,69,32.93,66.63,35.64,1.01
436,Ugoofaaru,97,MV,10/22/2019,79,5.67,73,82.58,9.13
437,Muisne,75,EC,10/22/2019,74,0.61,-80.02,84.2,9.17
438,Savona,83,IT,10/22/2019,68,44.31,8.48,71.6,13.87
439,Saint-Junien,75,FR,10/22/2019,93,45.89,0.9,55.99,13.87
440,Dalvik,75,SE,10/22/2019,87,57.79,14.13,50,13.87
441,Petrozavodsk,100,RU,10/22/2019,87,61.79,34.39,46.4,15.66
442,Pochutla,75,MX,10/22/2019,74,15.74,-96.47,86,9.46
443,Noumea,96,NC,10/22/2019,77,-22.28,166.46,73.99,2.24
444,Jacareacanga,20,BR,10/22/2019,66,-6.22,-57.76,87.8,2.24
445,Lillooet,75,CA,10/22/2019,54,50.69,-121.94,57.2,10.29
446,Tual,63,ID,10/22/2019,79,-5.67,132.75,77.94,6.6
447,Langham,20,CA,10/22/2019,74,52.36,-106.96,35.6,13.87
448,Twin Falls,20,US,10/22/2019,50,42.57,-114.46,59,12.75
449,Akita,82,JP,10/22/2019,79,39.72,140.1,58.8,2.91
450,Komsomolskiy,94,RU,10/22/2019,96,67.55,63.78,15.44,7.58
451,Nichinan,23,JP,10/22/2019,68,31.65,131.31,72.81,4.7
452,Gedo,15,ET,10/22/2019,76,9.01,37.45,54.48,4.23
453,Raudeberg,75,NO,10/22/2019,86,61.99,5.14,44.01,9.17
454,Grindavik,75,IS,10/22/2019,64,63.84,-22.43,35.6,18.34
455,Cherskiy,98,RU,10/22/2019,85,68.75,161.3,4.08,10.51
456,Sibolga,100,ID,10/22/2019,97,1.74,98.78,71.91,1.32
457,Ribera,97,IT,10/22/2019,89,37.5,13.27,71.01,5.99
458,Zabid,40,YE,10/22/2019,65,14.2,44.5,60.89,1.59
459,Casa Nova,98,BR,10/22/2019,50,-16.03,-44.16,83.59,3.98
460,Yuba City,1,US,10/22/2019,32,39.14,-121.62,73.99,4.5
461,Kano,20,NG,10/22/2019,34,11.99,8.53,93.2,13.87
462,Nelson Bay,0,AU,10/22/2019,82,-32.72,152.14,64.99,4.7
463,Rudnya,79,RU,10/22/2019,93,50.8,44.56,49.96,3.6
464,Aguimes,75,ES,10/22/2019,56,27.91,-15.45,71.6,18.34
465,Bonavista,100,CA,10/22/2019,88,48.65,-53.11,43,5.99
466,Maun,86,BW,10/22/2019,11,-19.99,23.42,95,3.36
467,Poitiers,100,FR,10/22/2019,82,46.58,0.34,55.99,12.75
468,Halifax,75,CA,10/22/2019,66,44.65,-63.58,60.01,11.41
469,Chake Chake,29,TZ,10/22/2019,83,-5.25,39.77,81.54,12.86
470,Kenai,90,US,10/22/2019,93,60.55,-151.26,39,6.93
471,Khani,75,GE,10/22/2019,100,41.96,42.96,60.8,3.36
472,Sedalia,1,US,10/22/2019,38,38.7,-93.23,57,18.34
473,Doha,0,QA,10/22/2019,66,25.29,51.53,87.8,5.82
474,Tanout,58,NE,10/22/2019,12,14.97,8.88,94.59,12.57
475,Nemuro,83,JP,10/22/2019,84,43.32,145.57,56.25,7.85
476,Lata,0,IN,10/22/2019,68,30.78,78.62,25.21,1.97
477,Faget,90,FR,10/22/2019,100,44.22,0.69,57.2,4.7
478,Buchanan,75,LR,10/22/2019,74,5.88,-10.05,86,7.11
479,Anamur,40,TR,10/22/2019,93,36.08,32.84,62.6,4.7
480,Almazar,40,UZ,10/22/2019,46,40.32,69.01,53.6,2.24
481,Eregli,33,TR,10/22/2019,56,37.51,34.05,58.73,6.78
482,Manosque,79,FR,10/22/2019,77,43.83,5.78,70,4.7
483,Iqaluit,75,CA,10/22/2019,83,63.75,-68.52,32,3.36
484,Houma,40,CN,10/22/2019,83,35.63,111.36,53.46,3.56
485,Kargopol,100,RU,10/22/2019,90,61.51,38.95,40.86,13.31
486,Bani Walid,0,LY,10/22/2019,49,31.76,14,72.72,13.47
487,Buraydah,40,SA,10/22/2019,28,26.33,43.97,82.4,2.24
488,Senno,85,RU,10/22/2019,71,57.76,27.95,57.2,13.42
489,Stepnyak,100,KZ,10/22/2019,63,52.83,70.79,32.43,18.23
490,Tura,79,RU,10/22/2019,97,64.27,100.22,9.12,0.45
491,Haflong,1,IN,10/22/2019,94,25.18,93.03,68.95,2.98
492,Tigre,75,AR,10/22/2019,28,-34.42,-58.58,71.01,12.75
493,Aksarka,96,RU,10/22/2019,97,66.56,67.8,22.8,8.63
494,Uravakonda,100,IN,10/22/2019,90,14.95,77.26,74.44,1.86
495,Tecoanapa,20,MX,10/22/2019,66,16.99,-99.26,87.8,3.36
496,Sao Felix do Xingu,95,BR,10/22/2019,46,-6.64,-51.99,91,4.72
497,Warrnambool,0,AU,10/22/2019,92,-38.38,142.48,50,10.02
498,Northam,40,AU,10/22/2019,93,-31.65,116.67,57.2,5.82
499,Grand Island,75,US,10/22/2019,46,40.92,-98.34,54,16.11
500,Perene,28,PE,10/22/2019,48,-10.95,-75.23,83.7,3.56
501,Veracruz,75,EC,10/22/2019,39,-3.97,-79.57,84.2,3.36
502,Saint-Georges,100,CA,10/22/2019,56,46.12,-70.67,57.99,1.99
503,Iberia,90,PE,10/22/2019,51,-11.41,-69.49,88.47,3.47
504,Kabo,50,CF,10/22/2019,88,7.69,18.62,72.43,0.83
505,Boysun,0,UZ,10/22/2019,25,38.2,67.2,49.06,4.45
506,Svetlogorsk,90,RU,10/22/2019,86,53.14,59.15,41,11.18
507,Hami,85,CN,10/22/2019,40,42.84,93.51,31.73,19.48
508,Estacion Coahuila,1,MX,10/22/2019,11,32.19,-115,87.01,13.87
509,Castro-Urdiales,75,ES,10/22/2019,93,43.38,-3.22,57.99,3.36
510,Sagua la Grande,40,CU,10/22/2019,55,22.81,-80.07,89.6,6.93
511,Vanimo,100,PG,10/22/2019,74,-2.67,141.3,82.94,9.17
512,Batemans Bay,1,AU,10/22/2019,95,-35.71,150.18,48.99,1.01
513,Sant Julia de Loria,100,AD,10/22/2019,90,42.46,1.49,62.01,1.01
514,Mabaruma,50,GY,10/22/2019,42,8.2,-59.78,92.3,3.67
515,Kars,40,TR,10/22/2019,57,40.61,43.1,50,4.7
516,Grand Baie,40,MU,10/22/2019,83,-20.02,57.58,75.2,2.24
517,Channel-Port aux Basques,2,CA,10/22/2019,79,47.57,-59.14,46.35,7.56
518,Sobolevo,75,RU,10/22/2019,91,54.43,31.9,54.86,10.49
519,Horadiz,75,AZ,10/22/2019,77,39.45,47.33,62.6,6.93
520,Strezhevoy,90,RU,10/22/2019,100,60.73,77.6,30.2,13.42
521,Iwata,75,JP,10/22/2019,88,34.71,137.85,62.6,1.12
522,Adrar,2,DZ,10/22/2019,12,27.87,-0.29,95,20.8
523,Grand-Santi,52,GF,10/22/2019,36,4.27,-54.38,97.05,2.21
524,Sao Jose da Coroa Grande,26,BR,10/22/2019,76,-8.9,-35.15,78.08,17.09
525,Emerald,0,AU,10/22/2019,72,-23.53,148.16,66.2,10.29
526,Lovozero,100,RU,10/22/2019,95,68.01,35.02,28.35,7.67
527,Kiama,75,AU,10/22/2019,93,-34.67,150.86,62.01,6.6
528,Dauphin,1,CA,10/22/2019,64,51.15,-100.04,39.2,17.22
